{
  "epoch": [
    1,
    2,
    3,
    4,
    5,
    6,
    7,
    8,
    9,
    10,
    11,
    12,
    13,
    14,
    15,
    16,
    17,
    18,
    19,
    20,
    21,
    22,
    23,
    24,
    25,
    26,
    27,
    28,
    29,
    30,
    31,
    32,
    33,
    34,
    35,
    36,
    37,
    38,
    39,
    40
  ],
  "recon": [
    0.9908706908640654,
    0.8201444719148718,
    0.7785443145295848,
    0.7289208536562712,
    0.7059919186260389,
    0.6924116222754769,
    0.6797178957773291,
    0.6665359735488892,
    0.6554565481517626,
    0.6512439276861108,
    0.6484530568122864,
    0.6407176463500314,
    0.6364324248355367,
    0.6306596631589143,
    0.6309621204500613,
    0.6302351459212925,
    0.6288095194360485,
    0.6272746920585632,
    0.6255745162134585,
    0.626339746558148,
    0.6261679452398549,
    0.6236404310102048,
    0.6260147457537444,
    0.6232183057328929,
    0.6231466946394547,
    0.621919572353363,
    0.6202893775442372,
    0.6209502608879752,
    0.6198287424833878,
    0.6192744192869767,
    0.6188562058884165,
    0.6162062779716824,
    0.6185240667799244,
    0.6178696751594543,
    0.6177031812460526,
    0.617151783860248,
    0.6186797878016597,
    0.6161549246829489,
    0.6138830029446146,
    0.6157889392064966
  ],
  "kl": [
    0.008617302817899896,
    0.06595625647384187,
    0.07533493297903435,
    0.09725832647603491,
    0.10797165334224701,
    0.10977458597525307,
    0.11268772379211757,
    0.10921750995128052,
    0.11206312218438023,
    0.11139741928681084,
    0.11244131041609723,
    0.11328989818044331,
    0.11293621264074159,
    0.11707963502925375,
    0.11511544073405473,
    0.11718059233997179,
    0.11654428943343785,
    0.11515786304422047,
    0.11983534369779669,
    0.11831378094528032,
    0.11910731636959573,
    0.11650876409333685,
    0.11784042094064795,
    0.12046947751356207,
    0.11975745597611302,
    0.11940639530834944,
    0.12096722747968591,
    0.11957546744657599,
    0.12224346237338107,
    0.12131473875564078,
    0.12309140647235124,
    0.12217137249915497,
    0.12296597270861916,
    0.1208407862678818,
    0.12289467713107234,
    0.12219972552164741,
    0.12170564091723898,
    0.12178031776262366,
    0.12364993438772533,
    0.12232991016429404
  ],
  "total": [
    0.9994879961013794,
    0.8861007223958555,
    0.8538792470227117,
    0.8261791778647382,
    0.813963576503422,
    0.8021862118140511,
    0.7924056234567062,
    0.7757534851198611,
    0.767519676167032,
    0.7626413521559342,
    0.7608943711156431,
    0.7540075442065364,
    0.7493686365044635,
    0.7477392917094023,
    0.7460775634516841,
    0.7474157395570175,
    0.7453538049822268,
    0.7424325632012408,
    0.7454098618548849,
    0.7446535255597986,
    0.7452752590179443,
    0.740149199962616,
    0.7438551679901455,
    0.7436877903730973,
    0.7429041447846786,
    0.7413259589153788,
    0.7412566102069357,
    0.7405257276866747,
    0.7420722116594729,
    0.7405891599862472,
    0.7419476068538168,
    0.7383776488511459,
    0.7414900427279265,
    0.7387104526810024,
    0.7405978596728781,
    0.7393515110015869,
    0.740385423535886,
    0.7379352372625599,
    0.7375329370084016,
    0.7381188454835311
  ]
}