{
  "feature_space": "data\\hard\\latents_mu.npy",
  "k": 6,
  "silhouette": 0.11103109270334244,
  "nmi": 0.11219015918422964,
  "ari": 0.08245556080592796,
  "purity": 0.34553540882654804
}