{
  "feature_space": "vae_latents_mu",
  "k": 6,
  "silhouette": 0.13216707110404968,
  "nmi": 0.1284525120256666,
  "ari": 0.0931242363169984,
  "purity": 0.3674307218611016
}