representation,algo,params,n_clusters_found,n_noise,noise_frac,silhouette,davies_bouldin,ari,score
vae_mm_latents,kmeans,k=5,5,0,0.0,0.2960211932659149,1.0352626612811373,0.0506875031333386,0.1396561641430261
baseline_lyrics_only,agglomerative,"k=6,ward",6,0,0.0,0.0231653396040201,3.921171866057801,0.0315335259479435,-0.7295355076595966
baseline_mel_flat,kmeans,k=7,7,0,0.0,-0.0152931865304708,4.927521940907583,0.0510924065017012,-0.9497051682102862
