representation,algo,params,n_clusters_found,n_noise,noise_frac,silhouette,davies_bouldin,ari,score
baseline_lyrics_only,dbscan,"eps=0.3,min=3",3,1690,0.9751875360646278,0.9999998211860657,4.0261762247635957e-07,0.0019666316986198286,0.22181634350945867
vae_mm_latents,kmeans,k=5,5,0,0.0,0.2960211932659149,1.0352626612811373,0.05068750313333862,0.1396561641430261
baseline_mel_flat,kmeans,k=7,7,0,0.0,-0.015293186530470848,4.9275219409075826,0.05109240650170125,-0.9497051682102862
